{
  "species": "alpaca",
  "chain_type": "VHH",
  "profile": {
    "1": {
      "Q": 0.6133333333333333,
      "E": 0.38666666666666666
    },
    "2": {
      "V": 0.8666666666666667,
      "L": 0.13333333333333333
    },
    "3": {
      "Q": 0.9866666666666667,
      "R": 0.013333333333333334
    },
    "4": {
      "L": 0.92,
      "V": 0.06666666666666667,
      "R": 0.013333333333333334
    },
    "5": {
      "V": 0.88,
      "Q": 0.12
    },
    "6": {
      "Q": 0.06666666666666667,
      "E": 0.9333333333333333
    },
    "7": {
      "P": 0.06666666666666667,
      "S": 0.92,
      "T": 0.013333333333333334
    },
    "8": {
      "G": 0.9733333333333334,
      "V": 0.02666666666666667
    },
    "9": {
      "A": 0.06666666666666667,
      "G": 0.8133333333333334,
      "P": 0.12
    },
    "10": {
      "E": 0.06666666666666667,
      "G": 0.9333333333333333
    },
    "11": {
      "L": 1.0
    },
    "12": {
      "R": 0.06666666666666667,
      "V": 0.92,
      "L": 0.013333333333333334
    },
    "13": {
      "K": 0.17333333333333334,
      "N": 0.013333333333333334,
      "Q": 0.8133333333333334
    },
    "14": {
      "P": 0.84,
      "A": 0.13333333333333333,
      "D": 0.02666666666666667
    },
    "15": {
      "G": 0.88,
      "S": 0.12
    },
    "16": {
      "A": 0.06666666666666667,
      "G": 0.8,
      "V": 0.013333333333333334,
      "Q": 0.12
    },
    "17": {
      "L": 0.013333333333333334,
      "S": 0.8666666666666667,
      "T": 0.08,
      "M": 0.02666666666666667,
      "A": 0.013333333333333334
    },
    "18": {
      "L": 0.9733333333333334,
      "V": 0.02666666666666667
    },
    "19": {
      "K": 0.08,
      "R": 0.8,
      "S": 0.12
    },
    "20": {
      "V": 0.09333333333333334,
      "L": 0.8533333333333334,
      "R": 0.013333333333333334,
      "H": 0.04
    },
    "21": {
      "S": 0.88,
      "T": 0.12
    },
    "22": {
      "C": 1.0
    },
    "23": {
      "K": 0.06666666666666667,
      "A": 0.84,
      "T": 0.09333333333333334
    },
    "24": {
      "A": 0.9066666666666666,
      "T": 0.013333333333333334,
      "V": 0.06666666666666667,
      "L": 0.013333333333333334
    },
    "25": {
      "S": 0.9733333333333334,
      "Y": 0.02666666666666667
    },
    "26": {
      "G": 1.0
    },
    "27": {
      "Y": 0.06666666666666667,
      "F": 0.6133333333333333,
      "L": 0.10666666666666667,
      "R": 0.06666666666666667,
      "S": 0.02666666666666667,
      "G": 0.10666666666666667,
      "D": 0.013333333333333334
    },
    "28": {
      "T": 0.8533333333333334,
      "I": 0.02666666666666667,
      "S": 0.12
    },
    "29": {
      "F": 0.7866666666666666,
      "L": 0.09333333333333334,
      "I": 0.08,
      "N": 0.04
    },
    "30": {
      "T": 0.18666666666666668,
      "D": 0.14666666666666667,
      "S": 0.5333333333333333,
      "G": 0.13333333333333333
    },
    "31": {
      "S": 0.68,
      "D": 0.06666666666666667,
      "N": 0.02666666666666667,
      "I": 0.02666666666666667,
      "Y": 0.06666666666666667,
      "R": 0.013333333333333334,
      "T": 0.12
    },
    "32": {
      "Y": 0.7733333333333333,
      "S": 0.18666666666666668,
      "H": 0.013333333333333334,
      "N": 0.02666666666666667
    },
    "33": {
      "Y": 0.24,
      "A": 0.52,
      "W": 0.09333333333333334,
      "D": 0.09333333333333334,
      "G": 0.013333333333333334,
      "V": 0.013333333333333334,
      "C": 0.02666666666666667
    },
    "34": {
      "I": 0.14666666666666667,
      "M": 0.72,
      "L": 0.013333333333333334,
      "Y": 0.12
    },
    "35": {
      "D": 0.06666666666666667,
      "S": 0.49333333333333335,
      "G": 0.21333333333333335,
      "Y": 0.08,
      "N": 0.04,
      "R": 0.013333333333333334,
      "A": 0.09333333333333334
    },
    "36": {
      "W": 0.9866666666666667,
      "R": 0.013333333333333334
    },
    "37": {
      "V": 0.64,
      "F": 0.14666666666666667,
      "Y": 0.06666666666666667,
      "A": 0.02666666666666667,
      "S": 0.12
    },
    "38": {
      "R": 0.8533333333333334,
      "H": 0.013333333333333334,
      "C": 0.02666666666666667,
      "W": 0.10666666666666667
    },
    "39": {
      "Q": 0.8133333333333334,
      "H": 0.04,
      "R": 0.02666666666666667,
      "I": 0.12
    },
    "40": {
      "A": 0.8,
      "S": 0.04,
      "V": 0.04,
      "R": 0.10666666666666667,
      "C": 0.013333333333333334
    },
    "41": {
      "P": 0.88,
      "Q": 0.12
    },
    "42": {
      "G": 0.88,
      "P": 0.12
    },
    "43": {
      "Q": 0.06666666666666667,
      "K": 0.8133333333333334,
      "P": 0.12
    },
    "44": {
      "G": 0.76,
      "E": 0.21333333333333335,
      "Q": 0.02666666666666667
    },
    "45": {
      "L": 0.5733333333333334,
      "R": 0.22666666666666666,
      "P": 0.08,
      "K": 0.12
    },
    "46": {
      "G": 0.13333333333333333,
      "E": 0.8666666666666667
    },
    "47": {
      "W": 0.6,
      "S": 0.06666666666666667,
      "F": 0.05333333333333334,
      "L": 0.2,
      "G": 0.08
    },
    "48": {
      "V": 0.8266666666666667,
      "M": 0.05333333333333334,
      "E": 0.12
    },
    "49": {
      "G": 0.06666666666666667,
      "S": 0.6933333333333334,
      "A": 0.12,
      "W": 0.12
    },
    "50": {
      "R": 0.06666666666666667,
      "A": 0.37333333333333335,
      "S": 0.12,
      "G": 0.08,
      "T": 0.04,
      "D": 0.02666666666666667,
      "C": 0.12,
      "Y": 0.05333333333333334,
      "M": 0.12
    },
    "51": {
      "I": 0.88,
      "G": 0.10666666666666667,
      "A": 0.013333333333333334
    },
    "52": {
      "D": 0.06666666666666667,
      "S": 0.24,
      "Y": 0.17333333333333334,
      "N": 0.38666666666666666,
      "T": 0.013333333333333334,
      "V": 0.013333333333333334,
      "A": 0.10666666666666667
    },
    "53": {
      "P": 0.06666666666666667,
      "W": 0.10666666666666667,
      "S": 0.5866666666666667,
      "T": 0.10666666666666667,
      "G": 0.013333333333333334,
      "I": 0.12
    },
    "54": {
      "E": 0.06666666666666667,
      "N": 0.05333333333333334,
      "Y": 0.13333333333333333,
      "S": 0.13333333333333333,
      "G": 0.41333333333333333,
      "D": 0.09333333333333334,
      "C": 0.013333333333333334,
      "I": 0.013333333333333334,
      "A": 0.08
    },
    "55": {
      "D": 0.16,
      "G": 0.64,
      "S": 0.12,
      "Y": 0.08
    },
    "56": {
      "G": 0.64,
      "S": 0.26666666666666666,
      "D": 0.09333333333333334
    },
    "57": {
      "G": 0.14666666666666667,
      "S": 0.6,
      "N": 0.10666666666666667,
      "T": 0.10666666666666667,
      "D": 0.04
    },
    "58": {
      "T": 0.7733333333333333,
      "Y": 0.09333333333333334,
      "S": 0.12,
      "N": 0.013333333333333334
    },
    "59": {
      "N": 0.04,
      "K": 0.05333333333333334,
      "Y": 0.72,
      "F": 0.013333333333333334,
      "S": 0.09333333333333334,
      "T": 0.08
    },
    "60": {
      "Y": 0.88,
      "A": 0.10666666666666667,
      "N": 0.013333333333333334
    },
    "61": {
      "A": 0.7733333333333333,
      "D": 0.10666666666666667,
      "Y": 0.08,
      "S": 0.04
    },
    "62": {
      "Q": 0.06666666666666667,
      "E": 0.05333333333333334,
      "D": 0.6533333333333333,
      "S": 0.18666666666666668,
      "P": 0.04
    },
    "63": {
      "K": 0.06666666666666667,
      "S": 0.7466666666666667,
      "V": 0.10666666666666667,
      "P": 0.08
    },
    "64": {
      "F": 0.06666666666666667,
      "M": 0.10666666666666667,
      "V": 0.6,
      "K": 0.10666666666666667,
      "S": 0.08,
      "L": 0.04
    },
    "65": {
      "Q": 0.06666666666666667,
      "K": 0.7333333333333333,
      "G": 0.10666666666666667,
      "E": 0.013333333333333334,
      "L": 0.08
    },
    "66": {
      "G": 0.7733333333333333,
      "R": 0.10666666666666667,
      "K": 0.08,
      "S": 0.04
    },
    "67": {
      "R": 0.76,
      "F": 0.10666666666666667,
      "Q": 0.04,
      "S": 0.08,