{
  "species": "cattle",
  "chain_type": "VL",
  "profile": {
    "1": {
      "Q": 0.9318181818181818,
      "K": 0.056818181818181816,
      "S": 0.011363636363636364
    },
    "2": {
      "A": 0.8409090909090909,
      "V": 0.11363636363636363,
      "D": 0.022727272727272728,
      "Y": 0.011363636363636364,
      "S": 0.011363636363636364
    },
    "3": {
      "V": 0.8539325842696629,
      "Q": 0.12359550561797752,
      "E": 0.011235955056179775,
      "G": 0.011235955056179775
    },
    "4": {
      "L": 0.9887640449438202,
      "K": 0.011235955056179775
    },
    "5": {
      "T": 0.8426966292134831,
      "S": 0.011235955056179775,
      "R": 0.06741573033707865,
      "Q": 0.0449438202247191,
      "N": 0.033707865168539325
    },
    "6": {
      "Q": 0.8876404494382022,
      "E": 0.11235955056179775
    },
    "7": {
      "P": 0.8539325842696629,
      "L": 0.033707865168539325,
      "S": 0.11235955056179775
    },
    "8": {
      "S": 0.7752808988764045,
      "Q": 0.011235955056179775,
      "P": 0.07865168539325842,
      "T": 0.011235955056179775,
      "G": 0.11235955056179775,
      "A": 0.011235955056179775
    },
    "9": {
      "S": 0.8764044943820225,
      "P": 0.11235955056179775,
      "A": 0.011235955056179775
    },
    "11": {
      "V": 0.8876404494382022,
      "S": 0.11235955056179775
    },
    "12": {
      "S": 0.8651685393258427,
      "R": 0.011235955056179775,
      "L": 0.11235955056179775,
      "F": 0.011235955056179775
    },
    "13": {
      "G": 0.797752808988764,
      "V": 0.1797752808988764,
      "M": 0.011235955056179775,
      "R": 0.011235955056179775
    },
    "14": {
      "S": 0.797752808988764,
      "K": 0.11235955056179775,
      "N": 0.0449438202247191,
      "T": 0.033707865168539325,
      "Y": 0.011235955056179775
    },
    "15": {
      "L": 0.8876404494382022,
      "P": 0.11235955056179775
    },
    "16": {
      "G": 0.8876404494382022,
      "S": 0.10112359550561797,
      "F": 0.011235955056179775
    },
    "17": {
      "Q": 0.9662921348314607,
      "E": 0.011235955056179775,
      "R": 0.02247191011235955
    },
    "18": {
      "R": 0.7752808988764045,
      "T": 0.1797752808988764,
      "S": 0.0449438202247191
    },
    "19": {
      "V": 0.8764044943820225,
      "L": 0.11235955056179775,
      "A": 0.011235955056179775
    },
    "20": {
      "S": 0.9213483146067416,
      "T": 0.06741573033707865,
      "I": 0.011235955056179775
    },
    "21": {
      "I": 0.8539325842696629,
      "T": 0.02247191011235955,
      "L": 0.11235955056179775,
      "V": 0.011235955056179775
    },
    "22": {
      "T": 0.9438202247191011,
      "S": 0.056179775280898875
    },
    "23": {
      "C": 1.0
    },
    "24": {
      "S": 0.7865168539325843,
      "T": 0.12359550561797752,
      "M": 0.056179775280898875,
      "Q": 0.011235955056179775,
      "A": 0.011235955056179775,
      "C": 0.011235955056179775
    },
    "25": {
      "G": 0.898876404494382,
      "V": 0.10112359550561797
    },
    "26": {
      "S": 0.9550561797752809,
      "L": 0.011235955056179775,
      "T": 0.02247191011235955,
      "D": 0.011235955056179775
    },
    "27": {
      "S": 0.8314606741573034,
      "M": 0.011235955056179775,
      "N": 0.011235955056179775,
      "T": 0.011235955056179775,
      "G": 0.12359550561797752,
      "D": 0.011235955056179775
    },
    "28": {
      "S": 0.7078651685393258,
      "N": 0.12359550561797752,
      "T": 0.0449438202247191,
      "G": 0.011235955056179775,
      "Y": 0.011235955056179775,
      "F": 0.0898876404494382,
      "L": 0.011235955056179775
    },
    "29": {
      "N": 0.8295454545454546,
      "S": 0.11363636363636363,
      "E": 0.011363636363636364,
      "Y": 0.03409090909090909,
      "D": 0.011363636363636364
    },
    "30": {
      "T": 0.011494252873563218,
      "V": 0.6666666666666666,
      "G": 0.011494252873563218,
      "I": 0.19540229885057472,
      "L": 0.11494252873563218
    },
    "35": {
      "G": 0.5747126436781609,
      "E": 0.011494252873563218,
      "T": 0.04597701149425287,
      "S": 0.08045977011494253,
      "N": 0.05747126436781609,
      "Y": 0.04597701149425287,
      "R": 0.13793103448275862,
      "L": 0.04597701149425287
    },
    "36": {
      "N": 0.3977272727272727,
      "G": 0.3181818181818182,
      "K": 0.022727272727272728,
      "I": 0.022727272727272728,
      "S": 0.022727272727272728,
      "P": 0.011363636363636364,
      "D": 0.11363636363636363,
      "Y": 0.011363636363636364,
      "R": 0.06818181818181818,
      "T": 0.011363636363636364
    },
    "37": {
      "G": 0.4157303370786517,
      "D": 0.02247191011235955,
      "Q": 0.011235955056179775,
      "L": 0.02247191011235955,
      "Y": 0.11235955056179775,
      "N": 0.2808988764044944,
      "K": 0.07865168539325842,
      "E": 0.011235955056179775,
      "V": 0.02247191011235955,
      "H": 0.011235955056179775,
      "S": 0.011235955056179775
    },
    "38": {
      "A": 0.12359550561797752,
      "Y": 0.651685393258427,
      "D": 0.02247191011235955,
      "N": 0.033707865168539325,
      "R": 0.011235955056179775,
      "G": 0.0898876404494382,
      "V": 0.011235955056179775,
      "S": 0.02247191011235955,
      "H": 0.033707865168539325
    },
    "39": {
      "V": 0.9772727272727273,
      "A": 0.022727272727272728
    },
    "40": {
      "S": 0.4943820224719101,
      "T": 0.02247191011235955,
      "D": 0.011235955056179775,
      "G": 0.29213483146067415,
      "H": 0.011235955056179775,
      "N": 0.16853932584269662
    },
    "41": {
      "W": 1.0
    },
    "42": {
      "Y": 0.6292134831460674,
      "F": 0.25842696629213485,
      "V": 0.11235955056179775
    },
    "43": {
      "Q": 0.8876404494382022,
      "R": 0.11235955056179775
    },
    "44": {
      "L": 0.30337078651685395,
      "Q": 0.5842696629213483,
      "V": 0.07865168539325842,
      "M": 0.033707865168539325
    },
    "45": {
      "I": 0.6629213483146067,
      "F": 0.011235955056179775,
      "T": 0.0449438202247191,
      "V": 0.1348314606741573,
      "A": 0.11235955056179775,
      "K": 0.011235955056179775,
      "L": 0.02247191011235955
    },
    "46": {
      "P": 0.9775280898876404,
      "S": 0.02247191011235955
    },
    "47": {
      "G": 0.9662921348314607,
      "R": 0.011235955056179775,
      "S": 0.011235955056179775,
      "T": 0.011235955056179775
    },
    "48": {
      "S": 0.8426966292134831,
      "K": 0.12359550561797752,
      "Q": 0.011235955056179775,
      "L": 0.02247191011235955
    },
    "49": {
      "A": 0.8651685393258427,
      "G": 0.1348314606741573
    },
    "50": {
      "P": 0.7640449438202247,
      "L": 0.23595505617977527
    },
    "51": {
      "R": 0.797752808988764,
      "H": 0.011235955056179775,
      "K": 0.06741573033707865,
      "E": 0.10112359550561797,
      "Q": 0.011235955056179775,
      "V": 0.011235955056179775
    },
    "52": {
      "T": 0.797752808988764,
      "A": 0.011235955056179775,
      "S": 0.033707865168539325,
      "W": 0.11235955056179775,
      "L": 0.02247191011235955,
      "N": 0.011235955056179775,
      "I": 0.011235955056179775
    },
    "53": {
      "L": 0.8314606741573034,
      "I": 0.14606741573033707,
      "F": 0.011235955056179775,
      "V": 0.011235955056179775
    },
    "54": {
      "I": 0.8426966292134831,
      "M": 0.033707865168539325,
      "G": 0.11235955056179775,
      "T": 0.011235955056179775
    },
    "55": {
      "Y": 0.8764044943820225,
      "F": 0.011235955056179775,
      "S": 0.06741573033707865,
      "I": 0.011235955056179775,
      "T": 0.033707865168539325
    },
    "56": {
      "G": 0.6853932584269663,
      "T": 0.011235955056179775,
      "V": 0.02247191011235955,
      "D": 0.0449438202247191,
      "R": 0.02247191011235955,
      "S": 0.02247191011235955,
      "N": 0.06741573033707865,
      "I": 0.10112359550561797,
      "E": 0.02247191011235955
    },