{
  "species": "dog",
  "chain_type": "VL",
  "profile": {
    "1": {
      "E": 0.14285714285714285,
      "D": 0.8571428571428571
    },
    "2": {
      "I": 0.8571428571428571,
      "V": 0.14285714285714285
    },
    "3": {
      "V": 1.0
    },
    "4": {
      "M": 1.0
    },
    "5": {
      "T": 1.0
    },
    "6": {
      "Q": 1.0
    },
    "7": {
      "T": 0.8571428571428571,
      "A": 0.14285714285714285
    },
    "8": {
      "P": 1.0
    },
    "9": {
      "L": 1.0
    },
    "10": {
      "S": 1.0
    },
    "11": {
      "L": 1.0
    },
    "12": {
      "S": 1.0
    },
    "13": {
      "V": 1.0
    },
    "14": {
      "S": 1.0
    },
    "15": {
      "P": 1.0
    },
    "16": {
      "G": 1.0
    },
    "17": {
      "E": 1.0
    },
    "18": {
      "T": 0.8571428571428571,
      "P": 0.14285714285714285
    },
    "19": {
      "A": 1.0
    },
    "20": {
      "S": 1.0
    },
    "21": {
      "I": 1.0
    },
    "22": {
      "S": 1.0
    },
    "23": {
      "C": 1.0
    },
    "24": {
      "K": 1.0
    },
    "25": {
      "A": 1.0
    },
    "26": {
      "S": 1.0
    },
    "27": {
      "Q": 0.8571428571428571,
      "R": 0.14285714285714285
    },
    "28": {
      "S": 0.8571428571428571,
      "T": 0.14285714285714285
    },
    "29": {
      "L": 1.0
    },
    "30": {
      "L": 1.0
    },
    "31": {
      "H": 0.8571428571428571,
      "Y": 0.14285714285714285
    },
    "32": {
      "S": 1.0
    },
    "34": {
      "N": 0.7142857142857143,
      "D": 0.2857142857142857
    },
    "35": {
      "G": 1.0
    },
    "36": {
      "K": 0.5714285714285714,
      "N": 0.42857142857142855
    },
    "37": {
      "T": 1.0
    },
    "38": {
      "Y": 1.0
    },
    "39": {
      "L": 1.0
    },
    "40": {
      "Y": 0.7142857142857143,
      "H": 0.14285714285714285,
      "F": 0.14285714285714285
    },
    "41": {
      "W": 1.0
    },
    "42": {
      "F": 1.0
    },
    "43": {
      "R": 1.0
    },
    "44": {
      "Q": 1.0
    },
    "45": {
      "K": 0.8571428571428571,
      "R": 0.14285714285714285
    },
    "46": {
      "P": 1.0
    },
    "47": {
      "G": 1.0
    },
    "48": {
      "Q": 0.8571428571428571,
      "R": 0.14285714285714285
    },
    "49": {
      "S": 1.0
    },
    "50": {
      "P": 1.0
    },
    "51": {
      "Q": 1.0
    },
    "52": {
      "R": 1.0
    },
    "53": {
      "L": 1.0
    },
    "54": {
      "I": 1.0
    },
    "55": {
      "N": 0.42857142857142855,
      "Y": 0.2857142857142857,
      "T": 0.2857142857142857
    },
    "56": {
      "L": 0.7142857142857143,
      "K": 0.14285714285714285,
      "W": 0.14285714285714285
    },
    "57": {
      "V": 1.0
    },
    "65": {
      "S": 1.0
    },
    "66": {
      "N": 1.0
    },
    "67": {
      "R": 1.0
    },
    "68": {
      "D": 1.0
    },
    "69": {
      "P": 0.8571428571428571,
      "A": 0.14285714285714285
    },
    "70": {
      "G": 1.0
    },
    "71": {
      "V": 1.0
    },
    "72": {
      "P": 1.0
    },
    "74": {
      "D": 1.0
    },
    "75": {
      "R": 1.0
    },
    "76": {
      "F": 1.0
    },
    "77": {
      "S": 1.0
    },
    "78": {
      "G": 1.0
    },
    "79": {
      "S": 1.0
    },
    "80": {
      "G": 1.0
    },
    "83": {
      "S": 1.0
    },
    "84": {
      "G": 1.0
    },
    "85": {
      "T": 1.0
    },
    "86": {
      "D": 1.0
    },
    "87": {
      "F": 1.0
    },
    "88": {
      "T": 1.0
    },
    "89": {
      "L": 1.0
    },
    "90": {
      "R": 1.0
    },
    "91": {
      "I": 1.0
    },
    "92": {
      "S": 1.0
    },
    "93": {
      "R": 1.0
    },
    "94": {
      "V": 1.0
    },
    "95": {
      "E": 1.0
    },
    "96": {
      "A": 1.0
    },
    "97": {
      "D": 1.0
    },
    "98": {
      "D": 1.0
    },
    "99": {
      "A": 0.8571428571428571,
      "T": 0.14285714285714285
    },
    "100": {
      "G": 1.0
    },
    "101": {
      "V": 0.7142857142857143,
      "L": 0.14285714285714285,
      "I": 0.14285714285714285
    },
    "102": {
      "Y": 1.0
    },
    "103": {
      "Y": 1.0
    },
    "104": {
      "C": 1.0
    },
    "105": {
      "G": 0.8571428571428571,
      "M": 0.14285714285714285
    },
    "106": {
      "Q": 1.0
    },
    "107": {
      "D": 0.5714285714285714,
      "S": 0.14285714285714285,
      "G": 0.14285714285714285,
      "N": 0.14285714285714285
    },
    "108": {
      "T": 0.7142857142857143,
      "L": 0.14285714285714285,
      "I": 0.14285714285714285
    },
    "114": {
      "Q": 0.5714285714285714,
      "F": 0.14285714285714285,
      "P": 0.14285714285714285,
      "D": 0.14285714285714285
    },
    "115": {
      "A": 0.5714285714285714,
      "P": 0.42857142857142855
    },
    "116": {
      "L": 0.5714285714285714,
      "W": 0.2857142857142857,
      "H": 0.14285714285714285
    },
    "117": {
      "T": 0.7142857142857143,
      "S": 0.2857142857142857
    },
    "118": {
      "F": 1.0
    },
    "119": {
      "G": 0.8571428571428571,
      "S": 0.14285714285714285
    },
    "120": {
      "Q": 0.7142857142857143,
      "A": 0.2857142857142857
    },
    "121": {
      "G": 1.0
    },
    "122": {
      "T": 1.0
    },
    "123": {
      "K": 1.0
    },
    "124": {
      "V": 0.8571428571428571,
      "L": 0.14285714285714285
    },
    "125": {
      "E": 0.8571428571428571,
      "D": 0.14285714285714285
    },
    "126": {
      "I": 0.7142857142857143,
      "L": 0.2857142857142857
    },
    "127": {
      "K": 0.7142857142857143,
      "A": 0.14285714285714285,
      "N": 0.14285714285714285
    },
    "109": {
      "Q": 1.0
    },
    "113": {
      "P": 1.0
    }
  }
}