{
  "species": "hamster",
  "chain_type": "VL",
  "profile": {
    "1": {
      "Q": 0.696969696969697,
      "S": 0.06060606060606061,
      "D": 0.18181818181818182,
      "E": 0.06060606060606061
    },
    "2": {
      "P": 0.3235294117647059,
      "S": 0.08823529411764706,
      "F": 0.17647058823529413,
      "L": 0.08823529411764706,
      "Y": 0.08823529411764706,
      "V": 0.058823529411764705,
      "I": 0.17647058823529413
    },
    "3": {
      "V": 0.6857142857142857,
      "I": 0.08571428571428572,
      "A": 0.02857142857142857,
      "E": 0.08571428571428572,
      "M": 0.05714285714285714,
      "Q": 0.05714285714285714
    },
    "4": {
      "L": 0.8285714285714286,
      "V": 0.02857142857142857,
      "M": 0.14285714285714285
    },
    "5": {
      "T": 0.9714285714285714,
      "I": 0.02857142857142857
    },
    "6": {
      "Q": 0.9444444444444444,
      "X": 0.027777777777777776,
      "E": 0.027777777777777776
    },
    "7": {
      "S": 0.6388888888888888,
      "P": 0.3333333333333333,
      "E": 0.027777777777777776
    },
    "8": {
      "P": 0.75,
      "S": 0.05555555555555555,
      "K": 0.19444444444444445
    },
    "9": {
      "S": 0.8648648648648649,
      "A": 0.10810810810810811,
      "P": 0.02702702702702703
    },
    "11": {
      "A": 0.43243243243243246,
      "I": 0.08108108108108109,
      "L": 0.13513513513513514,
      "M": 0.10810810810810811,
      "V": 0.24324324324324326
    },
    "12": {
      "S": 0.8157894736842105,
      "T": 0.07894736842105263,
      "A": 0.02631578947368421,
      "P": 0.07894736842105263
    },
    "13": {
      "A": 0.34210526315789475,
      "E": 0.3157894736842105,
      "T": 0.02631578947368421,
      "V": 0.2894736842105263,
      "R": 0.02631578947368421
    },
    "14": {
      "S": 0.8947368421052632,
      "T": 0.05263157894736842,
      "N": 0.05263157894736842
    },
    "15": {
      "L": 0.7368421052631579,
      "P": 0.07894736842105263,
      "V": 0.07894736842105263,
      "A": 0.10526315789473684
    },
    "16": {
      "G": 0.9736842105263158,
      "E": 0.02631578947368421
    },
    "17": {
      "A": 0.2631578947368421,
      "N": 0.10526315789473684,
      "S": 0.10526315789473684,
      "G": 0.02631578947368421,
      "E": 0.18421052631578946,
      "R": 0.18421052631578946,
      "K": 0.05263157894736842,
      "Q": 0.05263157894736842,
      "D": 0.02631578947368421
    },
    "18": {
      "S": 0.39473684210526316,
      "T": 0.42105263157894735,
      "K": 0.13157894736842105,
      "R": 0.05263157894736842
    },
    "19": {
      "V": 0.5526315789473685,
      "A": 0.2894736842105263,
      "I": 0.15789473684210525
    },
    "20": {
      "K": 0.42105263157894735,
      "R": 0.10526315789473684,
      "T": 0.42105263157894735,
      "S": 0.05263157894736842
    },
    "21": {
      "L": 0.2894736842105263,
      "I": 0.7105263157894737
    },
    "22": {
      "T": 0.5,
      "S": 0.47368421052631576,
      "N": 0.02631578947368421
    },
    "23": {
      "C": 1.0
    },
    "24": {
      "T": 0.47368421052631576,
      "G": 0.02631578947368421,
      "S": 0.07894736842105263,
      "K": 0.3684210526315789,
      "R": 0.05263157894736842
    },
    "25": {
      "L": 0.47368421052631576,
      "S": 0.13157894736842105,
      "G": 0.05263157894736842,
      "R": 0.18421052631578946,
      "A": 0.13157894736842105,
      "H": 0.02631578947368421
    },
    "26": {
      "S": 0.8157894736842105,
      "K": 0.07894736842105263,
      "R": 0.02631578947368421,
      "D": 0.05263157894736842,
      "G": 0.02631578947368421
    },
    "27": {
      "S": 0.7105263157894737,
      "T": 0.02631578947368421,
      "Q": 0.21052631578947367,
      "E": 0.02631578947368421,
      "N": 0.02631578947368421
    },
    "28": {
      "E": 0.13157894736842105,
      "Q": 0.23684210526315788,
      "D": 0.02631578947368421,
      "G": 0.3157894736842105,
      "L": 0.05263157894736842,
      "S": 0.18421052631578946,
      "N": 0.02631578947368421,
      "R": 0.02631578947368421
    },
    "29": {
      "H": 0.3157894736842105,
      "I": 0.13157894736842105,
      "A": 0.07894736842105263,
      "Y": 0.05263157894736842,
      "L": 0.10526315789473684,
      "N": 0.21052631578947367,
      "V": 0.10526315789473684
    },
    "30": {
      "S": 0.5588235294117647,
      "V": 0.029411764705882353,
      "F": 0.08823529411764706,
      "I": 0.23529411764705882,
      "L": 0.029411764705882353,
      "D": 0.058823529411764705
    },
    "36": {
      "T": 0.3783783783783784,
      "S": 0.21621621621621623,
      "N": 0.08108108108108109,
      "G": 0.13513513513513514,
      "K": 0.10810810810810811,
      "I": 0.05405405405405406,
      "D": 0.02702702702702703
    },
    "37": {
      "Y": 0.6052631578947368,
      "K": 0.10526315789473684,
      "N": 0.21052631578947367,
      "S": 0.02631578947368421,
      "D": 0.02631578947368421,
      "T": 0.02631578947368421
    },
    "38": {
      "N": 0.18421052631578946,
      "Y": 0.42105263157894735,
      "S": 0.15789473684210525,
      "T": 0.05263157894736842,
      "P": 0.05263157894736842,
      "H": 0.02631578947368421,
      "F": 0.07894736842105263,
      "L": 0.02631578947368421
    },
    "39": {
      "I": 0.47368421052631576,
      "A": 0.07894736842105263,
      "L": 0.13157894736842105,
      "V": 0.21052631578947367,
      "F": 0.02631578947368421,
      "M": 0.07894736842105263
    },
    "40": {
      "D": 0.07894736842105263,
      "G": 0.15789473684210525,
      "Y": 0.13157894736842105,
      "N": 0.10526315789473684,
      "A": 0.05263157894736842,
      "S": 0.18421052631578946,
      "R": 0.05263157894736842,
      "E": 0.05263157894736842,
      "H": 0.15789473684210525,
      "Q": 0.02631578947368421
    },
    "41": {
      "W": 1.0
    },
    "42": {
      "Y": 0.7368421052631579,
      "V": 0.02631578947368421,
      "L": 0.07894736842105263,
      "F": 0.13157894736842105,
      "H": 0.02631578947368421
    },
    "43": {
      "Q": 0.9473684210526315,
      "M": 0.05263157894736842
    },
    "44": {
      "Q": 0.9473684210526315,
      "E": 0.02631578947368421,
      "K": 0.02631578947368421
    },
    "45": {
      "Q": 0.13157894736842105,
      "H": 0.34210526315789475,
      "M": 0.10526315789473684,
      "K": 0.2894736842105263,
      "Y": 0.05263157894736842,
      "E": 0.02631578947368421,
      "R": 0.05263157894736842
    },
    "46": {
      "P": 0.5526315789473685,
      "E": 0.10526315789473684,
      "S": 0.13157894736842105,
      "F": 0.21052631578947367
    },
    "47": {
      "D": 0.3684210526315789,
      "G": 0.5789473684210527,
      "Q": 0.02631578947368421,
      "H": 0.02631578947368421
    },
    "48": {
      "K": 0.3157894736842105,
      "S": 0.3157894736842105,
      "E": 0.05263157894736842,
      "Q": 0.23684210526315788,
      "N": 0.05263157894736842,
      "T": 0.02631578947368421
    },
    "49": {
      "A": 0.39473684210526316,
      "P": 0.18421052631578946,
      "V": 0.02631578947368421,
      "T": 0.05263157894736842,
      "S": 0.3157894736842105,
      "L": 0.02631578947368421
    },
    "50": {
      "P": 0.9210526315789473,
      "H": 0.02631578947368421,
      "I": 0.05263157894736842
    },
    "51": {
      "K": 0.631578947368421,
      "R": 0.15789473684210525,
      "T": 0.02631578947368421,
      "L": 0.05263157894736842,
      "Q": 0.13157894736842105
    },
    "52": {
      "Y": 0.3684210526315789,
      "F": 0.07894736842105263,
      "G": 0.02631578947368421,
      "L": 0.23684210526315788,
      "P": 0.05263157894736842,
      "T": 0.21052631578947367,
      "Q": 0.02631578947368421
    },
    "53": {
      "V": 0.5789473684210527,
      "F": 0.10526315789473684,
      "L": 0.2894736842105263,
      "W": 0.02631578947368421
    },
    "54": {
      "M": 0.3684210526315789,
      "L": 0.10526315789473684,
      "I": 0.47368421052631576,
      "T": 0.05263157894736842
    },
    "55": {
      "Y": 0.7631578947368421,