{
  "species": "pig",
  "chain_type": "VL",
  "profile": {
    "1": {
      "A": 0.6666666666666666,
      "V": 0.06666666666666667,
      "S": 0.06666666666666667,
      "Q": 0.2
    },
    "2": {
      "I": 0.10989010989010989,
      "Q": 0.8021978021978022,
      "V": 0.02197802197802198,
      "S": 0.02197802197802198,
      "T": 0.03296703296703297,
      "Y": 0.01098901098901099
    },
    "3": {
      "V": 0.14432989690721648,
      "T": 0.7525773195876289,
      "I": 0.010309278350515464,
      "Q": 0.020618556701030927,
      "L": 0.010309278350515464,
      "S": 0.010309278350515464,
      "R": 0.041237113402061855,
      "E": 0.010309278350515464
    },
    "4": {
      "L": 0.20212765957446807,
      "V": 0.7872340425531915,
      "M": 0.010638297872340425
    },
    "5": {
      "T": 0.14432989690721648,
      "I": 0.8556701030927835
    },
    "6": {
      "Q": 1.0
    },
    "7": {
      "T": 0.09090909090909091,
      "E": 0.8585858585858586,
      "S": 0.020202020202020204,
      "P": 0.020202020202020204,
      "V": 0.010101010101010102
    },
    "8": {
      "P": 0.98989898989899,
      "S": 0.010101010101010102
    },
    "9": {
      "L": 0.10101010101010101,
      "A": 0.8585858585858586,
      "G": 0.020202020202020204,
      "V": 0.010101010101010102,
      "S": 0.010101010101010102
    },
    "10": {
      "S": 0.8181818181818182,
      "F": 0.09090909090909091,
      "Y": 0.09090909090909091
    },
    "11": {
      "L": 0.1111111111111111,
      "M": 0.8585858585858586,
      "V": 0.020202020202020204,
      "E": 0.010101010101010102
    },
    "12": {
      "S": 0.9494949494949495,
      "T": 0.04040404040404041,
      "K": 0.010101010101010102
    },
    "13": {
      "V": 0.98989898989899,
      "A": 0.010101010101010102
    },
    "14": {
      "N": 0.020202020202020204,
      "T": 0.020202020202020204,
      "S": 0.9292929292929293,
      "R": 0.010101010101010102,
      "F": 0.010101010101010102,
      "A": 0.010101010101010102
    },
    "15": {
      "P": 0.25252525252525254,
      "L": 0.7373737373737373,
      "V": 0.010101010101010102
    },
    "16": {
      "G": 1.0
    },
    "17": {
      "E": 0.09090909090909091,
      "G": 0.8787878787878788,
      "D": 0.020202020202020204,
      "N": 0.010101010101010102
    },
    "18": {
      "P": 0.0707070707070707,
      "T": 0.8888888888888888,
      "S": 0.030303030303030304,
      "A": 0.010101010101010102
    },
    "19": {
      "A": 0.1414141414141414,
      "V": 0.8585858585858586
    },
    "20": {
      "S": 0.13131313131313133,
      "T": 0.8585858585858586,
      "K": 0.010101010101010102
    },
    "21": {
      "I": 0.1414141414141414,
      "L": 0.8484848484848485,
      "P": 0.010101010101010102
    },
    "22": {
      "S": 0.21212121212121213,
      "T": 0.7777777777777778,
      "A": 0.010101010101010102
    },
    "23": {
      "C": 1.0
    },
    "24": {
      "R": 0.08080808080808081,
      "K": 0.020202020202020204,
      "A": 0.8181818181818182,
      "G": 0.020202020202020204,
      "Q": 0.010101010101010102,
      "S": 0.020202020202020204,
      "T": 0.010101010101010102,
      "L": 0.010101010101010102,
      "V": 0.010101010101010102
    },
    "25": {
      "S": 0.1111111111111111,
      "F": 0.6262626262626263,
      "Y": 0.20202020202020202,
      "G": 0.030303030303030304,
      "L": 0.020202020202020204,
      "C": 0.010101010101010102
    },
    "26": {
      "S": 0.8282828282828283,
      "T": 0.050505050505050504,
      "Y": 0.010101010101010102,
      "R": 0.030303030303030304,
      "G": 0.020202020202020204,
      "I": 0.010101010101010102,
      "D": 0.04040404040404041,
      "N": 0.010101010101010102
    },
    "27": {
      "Q": 0.09090909090909091,
      "S": 0.8383838383838383,
      "E": 0.010101010101010102,
      "G": 0.010101010101010102,
      "K": 0.010101010101010102,
      "F": 0.020202020202020204,
      "N": 0.010101010101010102,
      "L": 0.010101010101010102
    },
    "28": {
      "S": 0.10101010101010101,
      "G": 0.8484848484848485,
      "T": 0.010101010101010102,
      "F": 0.020202020202020204,
      "E": 0.010101010101010102,
      "L": 0.010101010101010102
    },
    "29": {
      "L": 0.10101010101010101,
      "S": 0.8383838383838383,
      "V": 0.020202020202020204,
      "G": 0.010101010101010102,
      "P": 0.010101010101010102,
      "A": 0.010101010101010102,
      "D": 0.010101010101010102
    },
    "30": {
      "R": 0.03125,
      "L": 0.03125,
      "V": 0.9270833333333334,
      "F": 0.010416666666666666
    },
    "31": {
      "D": 0.041666666666666664,
      "T": 0.8541666666666666,
      "Y": 0.010416666666666666,
      "H": 0.010416666666666666,
      "E": 0.0625,
      "R": 0.020833333333333332
    },
    "32": {
      "S": 0.18181818181818182,
      "T": 0.2727272727272727,
      "A": 0.09090909090909091,
      "D": 0.45454545454545453
    },
    "34": {
      "D": 0.9090909090909091,
      "T": 0.09090909090909091
    },
    "35": {
      "G": 0.14583333333333334,
      "S": 0.375,
      "T": 0.40625,
      "I": 0.03125,
      "K": 0.010416666666666666,
      "C": 0.010416666666666666,
      "D": 0.010416666666666666,
      "A": 0.010416666666666666
    },
    "36": {
      "R": 0.04081632653061224,
      "T": 0.05102040816326531,
      "E": 0.02040816326530612,
      "K": 0.030612244897959183,
      "S": 0.7755102040816326,
      "D": 0.02040816326530612,
      "W": 0.02040816326530612,
      "G": 0.030612244897959183,
      "N": 0.01020408163265306
    },
    "37": {
      "S": 0.08080808080808081,
      "T": 0.010101010101010102,
      "N": 0.8383838383838383,
      "D": 0.010101010101010102,
      "K": 0.010101010101010102,
      "I": 0.010101010101010102,
      "Y": 0.020202020202020204,
      "H": 0.010101010101010102,
      "R": 0.010101010101010102
    },
    "38": {
      "V": 0.09090909090909091,
      "Y": 0.7777777777777778,
      "G": 0.010101010101010102,
      "N": 0.10101010101010101,
      "A": 0.010101010101010102,
      "W": 0.010101010101010102
    },
    "39": {
      "L": 0.1111111111111111,
      "P": 0.8585858585858586,
      "S": 0.010101010101010102,
      "A": 0.010101010101010102,
      "T": 0.010101010101010102
    },
    "40": {
      "N": 0.1414141414141414,
      "S": 0.5858585858585859,
      "G": 0.24242424242424243,
      "H": 0.010101010101010102,
      "C": 0.010101010101010102,
      "Q": 0.010101010101010102
    },
    "41": {
      "W": 1.0
    },
    "42": {
      "Y": 0.29292929292929293,
      "F": 0.6565656565656566,
      "R": 0.010101010101010102,
      "S": 0.010101010101010102,
      "H": 0.020202020202020204,
      "L": 0.010101010101010102
    },
    "43": {
      "V": 0.010101010101010102,
      "L": 0.10101010101010101,
      "Q": 0.8686868686868687,
      "K": 0.010101010101010102,
      "R": 0.010101010101010102
    },
    "44": {
      "Q": 0.9696969696969697,
      "H": 0.010101010101010102,
      "R": 0.020202020202020204
    },
    "45": {
      "K": 0.10101010101010101,
      "T": 0.8484848484848485,
      "R": 0.04040404040404041,
      "I": 0.010101010101010102
    },
    "46": {
      "P": 0.9797979797979798,
      "S": 0.010101010101010102,
      "L": 0.010101010101010102
    },
    "47": {
      "G": 1.0
    },
    "48": {
      "Q": 0.9797979797979798,
      "R": 0.010101010101010102,
      "L": 0.010101010101010102
    },
    "49": {
      "S": 0.10101010101010101,
      "P": 0.8383838383838383,
      "R": 0.010101010101010102,
      "A": 0.04040404040404041,
      "L": 0.010101010101010102
    },
    "50": {
      "P": 1.0
    },
    "51": {
      "Q": 0.10101010101010101,
      "K": 0.010101010101010102,
      "R": 0.8585858585858586,
      "I": 0.020202020202020204,
      "L": 0.010101010101010102
    },
    "52": {
      "R": 0.09090909090909091,
      "E": 0.010101010101010102,
      "L": 0.40404040404040403,
      "Q": 0.24242424242424243,
      "T": 0.25252525252525254
    },