{
  "species": "rabbit",
  "chain_type": "VL",
  "profile": {
    "1": {
      "D": 0.45454545454545453,
      "A": 0.2727272727272727,
      "E": 0.2727272727272727
    },
    "2": {
      "P": 0.36363636363636365,
      "L": 0.36363636363636365,
      "F": 0.09090909090909091,
      "I": 0.18181818181818182
    },
    "3": {
      "M": 0.18181818181818182,
      "V": 0.7272727272727273,
      "D": 0.09090909090909091
    },
    "4": {
      "L": 0.45454545454545453,
      "M": 0.5454545454545454
    },
    "5": {
      "T": 1.0
    },
    "6": {
      "Q": 1.0
    },
    "7": {
      "T": 1.0
    },
    "8": {
      "A": 0.18181818181818182,
      "P": 0.8181818181818182
    },
    "9": {
      "S": 0.5454545454545454,
      "A": 0.2727272727272727,
      "P": 0.18181818181818182
    },
    "10": {
      "P": 0.2727272727272727,
      "S": 0.7272727272727273
    },
    "11": {
      "V": 0.7272727272727273,
      "A": 0.09090909090909091,
      "L": 0.18181818181818182
    },
    "12": {
      "S": 0.8181818181818182,
      "E": 0.18181818181818182
    },
    "13": {
      "A": 0.8181818181818182,
      "E": 0.18181818181818182
    },
    "14": {
      "A": 0.6363636363636364,
      "P": 0.18181818181818182,
      "S": 0.18181818181818182
    },
    "15": {
      "V": 1.0
    },
    "16": {
      "G": 1.0
    },
    "17": {
      "G": 0.8181818181818182,
      "E": 0.18181818181818182
    },
    "18": {
      "T": 1.0
    },
    "19": {
      "V": 1.0
    },
    "20": {
      "T": 0.7272727272727273,
      "N": 0.09090909090909091,
      "R": 0.18181818181818182
    },
    "21": {
      "I": 1.0
    },
    "22": {
      "N": 0.45454545454545453,
      "K": 0.2727272727272727,
      "S": 0.09090909090909091,
      "R": 0.18181818181818182
    },
    "23": {
      "C": 1.0
    },
    "24": {
      "Q": 0.8181818181818182,
      "L": 0.18181818181818182
    },
    "25": {
      "A": 0.8181818181818182,
      "S": 0.18181818181818182
    },
    "26": {
      "S": 1.0
    },
    "27": {
      "Q": 0.45454545454545453,
      "E": 0.45454545454545453,
      "R": 0.09090909090909091
    },
    "28": {
      "S": 0.5454545454545454,
      "D": 0.18181818181818182,
      "N": 0.09090909090909091,
      "F": 0.18181818181818182
    },
    "29": {
      "I": 0.6363636363636364,
      "V": 0.18181818181818182,
      "L": 0.18181818181818182
    },
    "30": {
      "S": 0.3333333333333333,
      "Y": 0.6666666666666666
    },
    "35": {
      "S": 0.6666666666666666,
      "D": 0.3333333333333333
    },
    "36": {
      "S": 0.18181818181818182,
      "Y": 0.2727272727272727,
      "G": 0.18181818181818182,
      "N": 0.09090909090909091,
      "F": 0.18181818181818182,
      "Q": 0.09090909090909091
    },
    "37": {
      "N": 0.45454545454545453,
      "S": 0.45454545454545453,
      "T": 0.09090909090909091
    },
    "38": {
      "W": 0.18181818181818182,
      "N": 0.18181818181818182,
      "R": 0.18181818181818182,
      "F": 0.09090909090909091,
      "G": 0.18181818181818182,
      "Y": 0.18181818181818182
    },
    "39": {
      "L": 0.8181818181818182,
      "V": 0.18181818181818182
    },
    "40": {
      "S": 0.36363636363636365,
      "A": 0.5454545454545454,
      "G": 0.09090909090909091
    },
    "41": {
      "W": 1.0
    },
    "42": {
      "Y": 1.0
    },
    "43": {
      "Q": 1.0
    },
    "44": {
      "Q": 0.9090909090909091,
      "H": 0.09090909090909091
    },
    "45": {
      "K": 1.0
    },
    "46": {
      "P": 1.0
    },
    "47": {
      "G": 1.0
    },
    "48": {
      "Q": 0.8181818181818182,
      "K": 0.18181818181818182
    },
    "49": {
      "P": 1.0
    },
    "50": {
      "P": 1.0
    },
    "51": {
      "K": 1.0
    },
    "52": {
      "L": 0.8181818181818182,
      "F": 0.18181818181818182
    },
    "53": {
      "L": 1.0
    },
    "54": {
      "I": 0.8181818181818182,
      "V": 0.18181818181818182
    },
    "55": {
      "Y": 0.8181818181818182,
      "S": 0.18181818181818182
    },
    "56": {
      "K": 0.09090909090909091,
      "G": 0.36363636363636365,
      "Y": 0.09090909090909091,
      "D": 0.09090909090909091,
      "T": 0.09090909090909091,
      "S": 0.09090909090909091,
      "R": 0.09090909090909091,
      "A": 0.09090909090909091
    },
    "57": {
      "A": 1.0
    },
    "65": {
      "S": 1.0
    },
    "66": {
      "T": 0.6363636363636364,
      "N": 0.2727272727272727,
      "K": 0.09090909090909091
    },
    "67": {
      "L": 1.0
    },
    "68": {
      "A": 0.7272727272727273,
      "E": 0.18181818181818182,
      "P": 0.09090909090909091
    },
    "69": {
      "S": 1.0
    },
    "70": {
      "G": 1.0
    },
    "71": {
      "V": 1.0
    },
    "72": {
      "P": 1.0
    },
    "74": {
      "S": 0.8181818181818182,
      "P": 0.18181818181818182
    },
    "75": {
      "R": 1.0
    },
    "76": {
      "F": 1.0
    },
    "77": {
      "K": 0.7272727272727273,
      "S": 0.2727272727272727
    },
    "78": {
      "G": 1.0
    },
    "79": {
      "S": 1.0
    },
    "80": {
      "G": 1.0
    },
    "83": {
      "S": 1.0
    },
    "84": {
      "G": 1.0
    },
    "85": {
      "T": 0.9090909090909091,
      "P": 0.09090909090909091
    },
    "86": {
      "Q": 0.5454545454545454,
      "E": 0.2727272727272727,
      "D": 0.18181818181818182
    },
    "87": {
      "F": 0.5454545454545454,
      "Y": 0.45454545454545453
    },
    "88": {
      "T": 0.9090909090909091,
      "A": 0.09090909090909091
    },
    "89": {
      "L": 1.0
    },
    "90": {
      "T": 0.9090909090909091,
      "S": 0.09090909090909091
    },
    "91": {
      "I": 1.0
    },
    "92": {
      "S": 0.8181818181818182,
      "G": 0.18181818181818182
    },
    "93": {
      "G": 0.5454545454545454,
      "D": 0.45454545454545453
    },
    "94": {
      "V": 0.7272727272727273,
      "L": 0.2727272727272727
    },
    "95": {
      "Q": 0.7272727272727273,
      "E": 0.2727272727272727
    },
    "96": {
      "C": 0.8181818181818182,
      "A": 0.18181818181818182
    },
    "97": {
      "D": 0.5454545454545454,
      "A": 0.2727272727272727,
      "E": 0.18181818181818182
    },
    "98": {
      "D": 1.0
    },
    "99": {
      "A": 0.8181818181818182,
      "V": 0.18181818181818182
    },
    "100": {
      "A": 1.0
    },
    "101": {
      "T": 1.0
    },
    "102": {
      "Y": 1.0
    },
    "103": {
      "Y": 1.0
    },
    "104": {
      "C": 1.0
    },
    "105": {
      "L": 0.36363636363636365,
      "Q": 0.45454545454545453,
      "A": 0.18181818181818182
    },
    "106": {
      "G": 0.5454545454545454,
      "C": 0.09090909090909091,
      "T": 0.2727272727272727,
      "Q": 0.09090909090909091
    },
    "107": {
      "Y": 0.36363636363636365,
      "T": 0.18181818181818182,
      "E": 0.09090909090909091,
      "G": 0.2727272727272727,
      "A": 0.09090909090909091
    },
    "108": {
      "Y": 0.8181818181818182,
      "H": 0.09090909090909091,
      "D": 0.09090909090909091
    },
    "109": {
      "S": 0.6363636363636364,
      "D": 0.09090909090909091,
      "T": 0.09090909090909091,
      "Y": 0.18181818181818182
    },
    "110": {
      "F": 0.14285714285714285,
      "Y": 0.2857142857142857,
      "G": 0.2857142857142857,
      "I": 0.2857142857142857
    },
    "112": {
      "T": 0.16666666666666666,
      "S": 0.3333333333333333,
      "G": 0.5
    },
    "113": {
      "S": 0.6,
      "D": 0.1,
      "T": 0.1,
      "N": 0.1,
      "G": 0.1
    },
    "114": {
      "A": 0.09090909090909091,
      "S": 0.45454545454545453,
      "G": 0.18181818181818182,
      "V": 0.18181818181818182,
      "N": 0.09090909090909091
    },
    "115": {
      "D": 0.2727272727272727,
      "S": 0.09090909090909091,
      "R": 0.09090909090909091,
      "T": 0.09090909090909091,
      "I": 0.09090909090909091,
      "G": 0.18181818181818182,
      "Y": 0.18181818181818182
    },
    "116": {
      "N": 0.18181818181818182,
      "Y": 0.09090909090909091,