{
  "species": "sheep",
  "chain_type": "VL",
  "profile": {
    "1": {
      "S": 0.07692307692307693,
      "R": 0.07692307692307693,
      "Q": 0.8461538461538461
    },
    "2": {
      "Y": 0.07692307692307693,
      "A": 0.8846153846153846,
      "D": 0.038461538461538464
    },
    "3": {
      "E": 0.07692307692307693,
      "M": 0.07692307692307693,
      "V": 0.8461538461538461
    },
    "4": {
      "L": 1.0
    },
    "5": {
      "T": 1.0
    },
    "6": {
      "Q": 1.0
    },
    "7": {
      "P": 1.0
    },
    "8": {
      "S": 0.8461538461538461,
      "P": 0.11538461538461539,
      "F": 0.038461538461538464
    },
    "9": {
      "S": 0.8846153846153846,
      "P": 0.038461538461538464,
      "A": 0.038461538461538464,
      "T": 0.038461538461538464
    },
    "11": {
      "V": 0.8461538461538461,
      "E": 0.11538461538461539,
      "M": 0.038461538461538464
    },
    "12": {
      "S": 0.8846153846153846,
      "Y": 0.07692307692307693,
      "C": 0.038461538461538464
    },
    "13": {
      "K": 0.2692307692307692,
      "R": 0.5769230769230769,
      "G": 0.15384615384615385
    },
    "14": {
      "S": 1.0
    },
    "15": {
      "L": 0.9615384615384616,
      "M": 0.038461538461538464
    },
    "16": {
      "G": 0.9615384615384616,
      "D": 0.038461538461538464
    },
    "17": {
      "Q": 0.9615384615384616,
      "H": 0.038461538461538464
    },
    "18": {
      "S": 0.6538461538461539,
      "I": 0.038461538461538464,
      "N": 0.038461538461538464,
      "R": 0.23076923076923078,
      "G": 0.038461538461538464
    },
    "19": {
      "V": 1.0
    },
    "20": {
      "S": 1.0
    },
    "21": {
      "I": 0.9615384615384616,
      "T": 0.038461538461538464
    },
    "22": {
      "T": 0.9615384615384616,
      "A": 0.038461538461538464
    },
    "23": {
      "C": 1.0
    },
    "24": {
      "S": 0.8461538461538461,
      "F": 0.15384615384615385
    },
    "25": {
      "G": 1.0
    },
    "26": {
      "S": 1.0
    },
    "27": {
      "N": 0.19230769230769232,
      "S": 0.8076923076923077
    },
    "28": {
      "S": 0.6538461538461539,
      "R": 0.07692307692307693,
      "I": 0.11538461538461539,
      "K": 0.038461538461538464,
      "D": 0.038461538461538464,
      "N": 0.038461538461538464,
      "T": 0.038461538461538464
    },
    "29": {
      "N": 0.8076923076923077,
      "G": 0.11538461538461539,
      "D": 0.07692307692307693
    },
    "30": {
      "V": 0.7391304347826086,
      "I": 0.2608695652173913
    },
    "31": {
      "G": 1.0
    },
    "35": {
      "Y": 0.6086956521739131,
      "F": 0.13043478260869565,
      "E": 0.043478260869565216,
      "G": 0.08695652173913043,
      "I": 0.043478260869565216,
      "H": 0.08695652173913043
    },
    "36": {
      "G": 0.7692307692307693,
      "S": 0.15384615384615385,
      "D": 0.038461538461538464,
      "R": 0.038461538461538464
    },
    "37": {
      "D": 0.19230769230769232,
      "Y": 0.11538461538461539,
      "N": 0.5,
      "S": 0.07692307692307693,
      "G": 0.11538461538461539
    },
    "38": {
      "Y": 0.6153846153846154,
      "S": 0.07692307692307693,
      "D": 0.07692307692307693,
      "T": 0.038461538461538464,
      "A": 0.038461538461538464,
      "H": 0.038461538461538464,
      "N": 0.038461538461538464,
      "F": 0.07692307692307693
    },
    "39": {
      "V": 0.9230769230769231,
      "G": 0.038461538461538464,
      "L": 0.038461538461538464
    },
    "40": {
      "S": 0.5,
      "N": 0.11538461538461539,
      "G": 0.2692307692307692,
      "W": 0.038461538461538464,
      "A": 0.038461538461538464,
      "T": 0.038461538461538464
    },
    "41": {
      "W": 1.0
    },
    "42": {
      "L": 0.07692307692307693,
      "F": 0.4230769230769231,
      "Y": 0.5
    },
    "43": {
      "Q": 1.0
    },
    "44": {
      "Q": 0.7692307692307693,
      "L": 0.19230769230769232,
      "F": 0.038461538461538464
    },
    "45": {
      "V": 0.6923076923076923,
      "I": 0.2692307692307692,
      "L": 0.038461538461538464
    },
    "46": {
      "P": 1.0
    },
    "47": {
      "G": 1.0
    },
    "48": {
      "S": 1.0
    },
    "49": {
      "A": 0.8076923076923077,
      "G": 0.19230769230769232
    },
    "50": {
      "P": 0.8076923076923077,
      "L": 0.19230769230769232
    },
    "51": {
      "K": 0.6538461538461539,
      "R": 0.34615384615384615
    },
    "52": {
      "L": 0.4230769230769231,
      "T": 0.34615384615384615,
      "I": 0.15384615384615385,
      "V": 0.038461538461538464,
      "F": 0.038461538461538464
    },
    "53": {
      "L": 0.7307692307692307,
      "I": 0.11538461538461539,
      "V": 0.15384615384615385
    },
    "54": {
      "I": 1.0
    },
    "55": {
      "Y": 0.7692307692307693,
      "D": 0.038461538461538464,
      "W": 0.038461538461538464,
      "H": 0.07692307692307693,
      "F": 0.07692307692307693
    },
    "56": {
      "A": 0.038461538461538464,
      "S": 0.07692307692307693,
      "D": 0.11538461538461539,
      "F": 0.07692307692307693,
      "Y": 0.038461538461538464,
      "G": 0.5,
      "I": 0.038461538461538464,
      "R": 0.038461538461538464,
      "E": 0.07692307692307693
    },
    "57": {
      "A": 0.6153846153846154,
      "T": 0.07692307692307693,
      "S": 0.11538461538461539,
      "N": 0.15384615384615385,
      "G": 0.038461538461538464
    },
    "65": {
      "T": 0.7692307692307693,
      "S": 0.15384615384615385,
      "D": 0.038461538461538464,
      "A": 0.038461538461538464
    },
    "66": {
      "R": 0.15384615384615385,
      "N": 0.3076923076923077,
      "S": 0.38461538461538464,
      "K": 0.038461538461538464,
      "I": 0.038461538461538464,
      "L": 0.038461538461538464,
      "T": 0.038461538461538464
    },
    "67": {
      "R": 1.0
    },
    "68": {
      "P": 0.2692307692307692,
      "A": 0.6923076923076923,
      "F": 0.038461538461538464
    },
    "69": {
      "S": 0.9230769230769231,
      "A": 0.07692307692307693
    },
    "70": {
      "G": 1.0
    },
    "71": {
      "V": 0.9230769230769231,
      "I": 0.07692307692307693
    },
    "72": {
      "P": 1.0
    },
    "74": {
      "D": 0.9615384615384616,
      "A": 0.038461538461538464
    },
    "75": {
      "R": 1.0
    },
    "76": {
      "F": 1.0
    },
    "77": {
      "S": 0.8846153846153846,
      "F": 0.07692307692307693,
      "T": 0.038461538461538464
    },
    "78": {
      "G": 0.9615384615384616,
      "A": 0.038461538461538464
    },
    "79": {
      "S": 1.0
    },
    "80": {
      "R": 0.8461538461538461,
      "K": 0.11538461538461539,
      "S": 0.038461538461538464
    },
    "83": {
      "S": 0.6538461538461539,
      "F": 0.3076923076923077,
      "P": 0.038461538461538464
    },
    "84": {
      "G": 1.0
    },
    "85": {
      "S": 0.07692307692307693,
      "N": 0.8461538461538461,
      "D": 0.038461538461538464,
      "H": 0.038461538461538464
    },
    "86": {
      "T": 0.9230769230769231,
      "A": 0.07692307692307693
    },
    "87": {
      "A": 1.0
    },
    "88": {
      "T": 0.9615384615384616,
      "A": 0.038461538461538464
    },
    "89": {
      "L": 1.0
    },
    "90": {
      "T": 0.8846153846153846,
      "F": 0.07692307692307693,
      "S": 0.038461538461538464
    },
    "91": {
      "I": 1.0
    },
    "92": {
      "S": 0.7692307692307693,
      "T": 0.07692307692307693,
      "N": 0.07692307692307693,
      "G": 0.07692307692307693
    },
    "93": {
      "S": 0.9615384615384616,
      "F": 0.038461538461538464
    },
    "94": {
      "L": 0.8846153846153846,
      "I": 0.038461538461538464,
      "V": 0.07692307692307693
    },
    "95": {
      "Q": 0.9615384615384616,
      "R": 0.038461538461538464
    },
    "96": {
      "T": 0.07692307692307693,
      "A": 0.8846153846153846,
      "P": 0.038461538461538464
    },
    "97": {
      "E": 0.9230769230769231,
      "D": 0.038461538461538464,
      "G": 0.038461538461538464
    },