{
  "species": "sheep",
  "chain_type": "VH",
  "profile": {
    "1": {
      "Q": 1.0
    },
    "2": {
      "V": 0.9838709677419355,
      "G": 0.016129032258064516
    },
    "3": {
      "R": 0.3064516129032258,
      "Q": 0.6774193548387096,
      "H": 0.016129032258064516
    },
    "4": {
      "L": 0.9838709677419355,
      "M": 0.016129032258064516
    },
    "5": {
      "Q": 0.9838709677419355,
      "R": 0.016129032258064516
    },
    "6": {
      "E": 1.0
    },
    "7": {
      "S": 0.9838709677419355,
      "L": 0.016129032258064516
    },
    "8": {
      "G": 1.0
    },
    "9": {
      "P": 0.9838709677419355,
      "D": 0.016129032258064516
    },
    "11": {
      "S": 0.9354838709677419,
      "N": 0.03225806451612903,
      "T": 0.016129032258064516,
      "R": 0.016129032258064516
    },
    "12": {
      "L": 1.0
    },
    "13": {
      "V": 0.9354838709677419,
      "M": 0.03225806451612903,
      "R": 0.016129032258064516,
      "A": 0.016129032258064516
    },
    "14": {
      "K": 0.9838709677419355,
      "N": 0.016129032258064516
    },
    "15": {
      "P": 1.0
    },
    "16": {
      "S": 0.9838709677419355,
      "L": 0.016129032258064516
    },
    "17": {
      "Q": 0.967741935483871,
      "T": 0.016129032258064516,
      "R": 0.016129032258064516
    },
    "18": {
      "T": 1.0
    },
    "19": {
      "L": 1.0
    },
    "20": {
      "S": 1.0
    },
    "21": {
      "L": 0.9838709677419355,
      "P": 0.016129032258064516
    },
    "22": {
      "T": 0.9838709677419355,
      "A": 0.016129032258064516
    },
    "23": {
      "C": 1.0
    },
    "24": {
      "T": 0.967741935483871,
      "S": 0.03225806451612903
    },
    "25": {
      "V": 0.9354838709677419,
      "I": 0.03225806451612903,
      "A": 0.016129032258064516,
      "F": 0.016129032258064516
    },
    "26": {
      "S": 0.9354838709677419,
      "D": 0.016129032258064516,
      "F": 0.03225806451612903,
      "P": 0.016129032258064516
    },
    "27": {
      "G": 1.0
    },
    "28": {
      "F": 0.967741935483871,
      "S": 0.016129032258064516,
      "L": 0.016129032258064516
    },
    "29": {
      "L": 0.016129032258064516,
      "S": 0.9516129032258065,
      "P": 0.016129032258064516,
      "T": 0.016129032258064516
    },
    "30": {
      "L": 0.9838709677419355,
      "F": 0.016129032258064516
    },
    "35": {
      "T": 0.8064516129032258,
      "S": 0.06451612903225806,
      "A": 0.04838709677419355,
      "D": 0.016129032258064516,
      "Y": 0.03225806451612903,
      "V": 0.016129032258064516,
      "W": 0.016129032258064516
    },
    "36": {
      "D": 0.016129032258064516,
      "S": 0.7580645161290323,
      "N": 0.0967741935483871,
      "T": 0.08064516129032258,
      "Y": 0.016129032258064516,
      "G": 0.016129032258064516,
      "C": 0.016129032258064516
    },
    "37": {
      "A": 0.016129032258064516,
      "Y": 0.6129032258064516,
      "D": 0.016129032258064516,
      "N": 0.24193548387096775,
      "C": 0.016129032258064516,
      "V": 0.03225806451612903,
      "F": 0.016129032258064516,
      "H": 0.03225806451612903,
      "I": 0.016129032258064516
    },
    "38": {
      "S": 0.06451612903225806,
      "G": 0.532258064516129,
      "A": 0.2903225806451613,
      "D": 0.0967741935483871,
      "N": 0.016129032258064516
    },
    "39": {
      "V": 0.9838709677419355,
      "I": 0.016129032258064516
    },
    "40": {
      "T": 0.06451612903225806,
      "G": 0.5806451612903226,
      "Y": 0.016129032258064516,
      "V": 0.04838709677419355,
      "D": 0.11290322580645161,
      "H": 0.03225806451612903,
      "Q": 0.016129032258064516,
      "N": 0.06451612903225806,
      "C": 0.03225806451612903,
      "A": 0.016129032258064516,
      "E": 0.016129032258064516
    },
    "41": {
      "W": 1.0
    },
    "42": {
      "V": 0.967741935483871,
      "A": 0.016129032258064516,
      "I": 0.016129032258064516
    },
    "43": {
      "R": 1.0
    },
    "44": {
      "Q": 0.9838709677419355,
      "R": 0.016129032258064516
    },
    "45": {
      "A": 0.9838709677419355,
      "T": 0.016129032258064516
    },
    "46": {
      "P": 1.0
    },
    "47": {
      "G": 1.0
    },
    "48": {
      "K": 0.9354838709677419,
      "E": 0.016129032258064516,
      "R": 0.03225806451612903,
      "A": 0.016129032258064516
    },
    "49": {
      "A": 0.7419354838709677,
      "V": 0.1935483870967742,
      "P": 0.016129032258064516,
      "E": 0.016129032258064516,
      "T": 0.03225806451612903
    },
    "50": {
      "L": 0.7419354838709677,
      "P": 0.25806451612903225
    },
    "51": {
      "E": 0.9838709677419355,
      "K": 0.016129032258064516
    },
    "52": {
      "W": 1.0
    },
    "53": {
      "I": 0.03225806451612903,
      "V": 0.43548387096774194,
      "L": 0.532258064516129
    },
    "54": {
      "G": 0.9193548387096774,
      "C": 0.016129032258064516,
      "A": 0.06451612903225806
    },
    "55": {
      "V": 0.11290322580645161,
      "G": 0.4032258064516129,
      "N": 0.20967741935483872,
      "A": 0.06451612903225806,
      "D": 0.06451612903225806,
      "E": 0.016129032258064516,
      "S": 0.04838709677419355,
      "W": 0.016129032258064516,
      "F": 0.016129032258064516,
      "I": 0.016129032258064516,
      "T": 0.03225806451612903
    },
    "56": {
      "M": 0.03225806451612903,
      "I": 0.8548387096774194,
      "V": 0.08064516129032258,
      "S": 0.016129032258064516,
      "T": 0.016129032258064516
    },
    "57": {
      "Y": 0.3387096774193548,
      "F": 0.06451612903225806,
      "T": 0.04838709677419355,
      "S": 0.14516129032258066,
      "G": 0.016129032258064516,
      "E": 0.016129032258064516,
      "D": 0.2903225806451613,
      "W": 0.03225806451612903,
      "R": 0.016129032258064516,
      "N": 0.016129032258064516,
      "I": 0.016129032258064516
    },
    "58": {
      "R": 0.06451612903225806,
      "G": 0.016129032258064516,
      "S": 0.532258064516129,
      "T": 0.06451612903225806,
      "N": 0.27419354838709675,
      "H": 0.016129032258064516,
      "C": 0.016129032258064516,
      "D": 0.016129032258064516
    },
    "59": {
      "D": 0.3870967741935484,
      "S": 0.11290322580645161,
      "G": 0.4032258064516129,
      "T": 0.03225806451612903,
      "N": 0.016129032258064516,
      "Y": 0.016129032258064516,
      "A": 0.016129032258064516,
      "R": 0.016129032258064516
    },
    "63": {
      "G": 0.967741935483871,
      "E": 0.016129032258064516,
      "V": 0.016129032258064516
    },
    "64": {
      "S": 0.532258064516129,
      "L": 0.016129032258064516,
      "A": 0.016129032258064516,
      "T": 0.03225806451612903,
      "I": 0.016129032258064516,
      "D": 0.3225806451612903,
      "N": 0.04838709677419355,
      "Y": 0.016129032258064516
    },
    "65": {
      "T": 0.8709677419354839,
      "A": 0.03225806451612903,
      "I": 0.03225806451612903,
      "M": 0.016129032258064516,
      "V": 0.016129032258064516,
      "R": 0.016129032258064516,
      "K": 0.016129032258064516
    },
    "66": {
      "S": 0.04838709677419355,
      "W": 0.03225806451612903,
      "V": 0.03225806451612903,
      "Y": 0.43548387096774194,
      "A": 0.016129032258064516,
      "G": 0.24193548387096775,
      "D": 0.12903225806451613,
      "T": 0.016129032258064516,
      "N": 0.016129032258064516,
      "I": 0.016129032258064516,
      "H": 0.016129032258064516
    },
    "67": {
      "Y": 0.967741935483871,
      "C": 0.03225806451612903
    },
    "68": {
      "N": 0.8709677419354839,
      "A": 0.016129032258064516,
      "H": 0.08064516129032258,
      "D": 0.016129032258064516,
      "V": 0.016129032258064516
    },
    "69": {
      "P": 0.9354838709677419,
      "A": 0.016129032258064516,
      "Q": 0.016129032258064516,
      "S": 0.03225806451612903
    },
    "70": {
      "A": 0.967741935483871,
      "T": 0.016129032258064516,
      "S": 0.016129032258064516
    },
    "71": {
      "L": 1.0
    },